ODS,Year,Q,Variable,Value
 RAE ,2017,Q1,General and Accute - Available,644
 RAE ,2017,Q1,General and Accute - Occupied,423
 RBL ,2017,Q1,General and Accute - Available,722
 RBL ,2017,Q1,General and Accute - Occupied,637
 RBN ,2017,Q1,General and Accute - Available,669
 RBN ,2017,Q1,General and Accute - Occupied,630
 RBQ ,2017,Q1,General and Accute - Available,150
 RBQ ,2017,Q1,General and Accute - Occupied,135
 RBS ,2017,Q1,General and Accute - Available,227
 RBS ,2017,Q1,General and Accute - Occupied,185
 RBT ,2017,Q1,General and Accute - Available,546
 RBT ,2017,Q1,General and Accute - Occupied,460
 RBV ,2017,Q1,General and Accute - Available,177
 RBV ,2017,Q1,General and Accute - Occupied,160
 RCB ,2017,Q1,General and Accute - Available,984
 RCB ,2017,Q1,General and Accute - Occupied,898
 RCD ,2017,Q1,General and Accute - Available,310
 RCD ,2017,Q1,General and Accute - Occupied,265
 RCF ,2017,Q1,General and Accute - Available,340
 RCF ,2017,Q1,General and Accute - Occupied,308
 RCU ,2017,Q1,General and Accute - Available,139
 RCU ,2017,Q1,General and Accute - Occupied,97
 RE9 ,2017,Q1,General and Accute - Available,303
 RE9 ,2017,Q1,General and Accute - Occupied,254
 REM ,2017,Q1,General and Accute - Available,726
 REM ,2017,Q1,General and Accute - Occupied,695
 REN ,2017,Q1,General and Accute - Available,74
 REN ,2017,Q1,General and Accute - Occupied,43
 REP ,2017,Q1,General and Accute - Available,31
 REP ,2017,Q1,General and Accute - Occupied,19
 RET ,2017,Q1,General and Accute - Available,169
 RET ,2017,Q1,General and Accute - Occupied,138
 RFF ,2017,Q1,General and Accute - Available,336
 RFF ,2017,Q1,General and Accute - Occupied,326
 RFR ,2017,Q1,General and Accute - Available,442
 RFR ,2017,Q1,General and Accute - Occupied,405
 RGD ,2017,Q1,General and Accute - Available,
 RGD ,2017,Q1,General and Accute - Occupied,
 RHQ ,2017,Q1,General and Accute - Available,1485
 RHQ ,2017,Q1,General and Accute - Occupied,1429
 RJL ,2017,Q1,General and Accute - Available,746
 RJL ,2017,Q1,General and Accute - Occupied,640
 RJN ,2017,Q1,General and Accute - Available,312
 RJN ,2017,Q1,General and Accute - Occupied,274
 RJR ,2017,Q1,General and Accute - Available,527
 RJR ,2017,Q1,General and Accute - Occupied,497
 RLN ,2017,Q1,General and Accute - Available,728
 RLN ,2017,Q1,General and Accute - Occupied,583
 RM2 ,2017,Q1,General and Accute - Available,742
 RM2 ,2017,Q1,General and Accute - Occupied,661
 RM3 ,2017,Q1,General and Accute - Available,774
 RM3 ,2017,Q1,General and Accute - Occupied,703
 RMC ,2017,Q1,General and Accute - Available,588
 RMC ,2017,Q1,General and Accute - Occupied,511
 RMP ,2017,Q1,General and Accute - Available,416
 RMP ,2017,Q1,General and Accute - Occupied,387
 RNL ,2017,Q1,General and Accute - Available,544
 RNL ,2017,Q1,General and Accute - Occupied,476
 RNN ,2017,Q1,General and Accute - Available,
 RNN ,2017,Q1,General and Accute - Occupied,
 RP5 ,2017,Q1,General and Accute - Available,757
 RP5 ,2017,Q1,General and Accute - Occupied,675
 RQ6 ,2017,Q1,General and Accute - Available,814
 RQ6 ,2017,Q1,General and Accute - Occupied,749
 RR7 ,2017,Q1,General and Accute - Available,503
 RR7 ,2017,Q1,General and Accute - Occupied,444
 RR8 ,2017,Q1,General and Accute - Available,1699
 RR8 ,2017,Q1,General and Accute - Occupied,1600
 RRF ,2017,Q1,General and Accute - Available,463
 RRF ,2017,Q1,General and Accute - Occupied,384
 RT2 ,2017,Q1,General and Accute - Available,
 RT2 ,2017,Q1,General and Accute - Occupied,
 RTD ,2017,Q1,General and Accute - Available,1490
 RTD ,2017,Q1,General and Accute - Occupied,1243
 RTF ,2017,Q1,General and Accute - Available,920
 RTF ,2017,Q1,General and Accute - Occupied,749
 RTR ,2017,Q1,General and Accute - Available,899
 RTR ,2017,Q1,General and Accute - Occupied,796
 RTV ,2017,Q1,General and Accute - Available,
 RTV ,2017,Q1,General and Accute - Occupied,
 RTX ,2017,Q1,General and Accute - Available,679
 RTX ,2017,Q1,General and Accute - Occupied,558
 RV9 ,2017,Q1,General and Accute - Available,
 RV9 ,2017,Q1,General and Accute - Occupied,
 RVW ,2017,Q1,General and Accute - Available,609
 RVW ,2017,Q1,General and Accute - Occupied,498
 RVY ,2017,Q1,General and Accute - Available,433
 RVY ,2017,Q1,General and Accute - Occupied,351
 RW3 ,2017,Q1,General and Accute - Available,1082
 RW3 ,2017,Q1,General and Accute - Occupied,970
 RW4 ,2017,Q1,General and Accute - Available,
 RW4 ,2017,Q1,General and Accute - Occupied,
 RW5 ,2017,Q1,General and Accute - Available,
 RW5 ,2017,Q1,General and Accute - Occupied,
 RW6 ,2017,Q1,General and Accute - Available,1082
 RW6 ,2017,Q1,General and Accute - Occupied,968
 RWA ,2017,Q1,General and Accute - Available,991
 RWA ,2017,Q1,General and Accute - Occupied,899
 RWJ ,2017,Q1,General and Accute - Available,694
 RWJ ,2017,Q1,General and Accute - Occupied,582
 RWW ,2017,Q1,General and Accute - Available,538
 RWW ,2017,Q1,General and Accute - Occupied,463
 RWY ,2017,Q1,General and Accute - Available,784
 RWY ,2017,Q1,General and Accute - Occupied,601
 RX3 ,2017,Q1,General and Accute - Available,
 RX3 ,2017,Q1,General and Accute - Occupied,
 RX4 ,2017,Q1,General and Accute - Available,49
 RX4 ,2017,Q1,General and Accute - Occupied,39
 RXA ,2017,Q1,General and Accute - Available,
 RXA ,2017,Q1,General and Accute - Occupied,
 RXE ,2017,Q1,General and Accute - Available,62
 RXE ,2017,Q1,General and Accute - Occupied,47
 RXF ,2017,Q1,General and Accute - Available,1018
 RXF ,2017,Q1,General and Accute - Occupied,918
 RXG ,2017,Q1,General and Accute - Available,76
 RXG ,2017,Q1,General and Accute - Occupied,68
 RXL ,2017,Q1,General and Accute - Available,761
 RXL ,2017,Q1,General and Accute - Occupied,712
 RXN ,2017,Q1,General and Accute - Available,810
 RXN ,2017,Q1,General and Accute - Occupied,774
 RXP ,2017,Q1,General and Accute - Available,938
 RXP ,2017,Q1,General and Accute - Occupied,770
 RXR ,2017,Q1,General and Accute - Available,903
 RXR ,2017,Q1,General and Accute - Occupied,806
 RY6 ,2017,Q1,General and Accute - Available,59
 RY6 ,2017,Q1,General and Accute - Occupied,53
 TAD ,2017,Q1,General and Accute - Available,
 TAD ,2017,Q1,General and Accute - Occupied,
 TAH ,2017,Q1,General and Accute - Available,
 TAH ,2017,Q1,General and Accute - Occupied,
 R1A ,2017,Q1,General and Accute - Available,39
 R1A ,2017,Q1,General and Accute - Occupied,37
 R1E ,2017,Q1,General and Accute - Available,146
 R1E ,2017,Q1,General and Accute - Occupied,136
 R1L ,2017,Q1,General and Accute - Available,77
 R1L ,2017,Q1,General and Accute - Occupied,70
 RAJ ,2017,Q1,General and Accute - Available,527
 RAJ ,2017,Q1,General and Accute - Occupied,454
 RBK ,2017,Q1,General and Accute - Available,474
 RBK ,2017,Q1,General and Accute - Occupied,409
 RC1 ,2017,Q1,General and Accute - Available,377
 RC1 ,2017,Q1,General and Accute - Occupied,362
 RC9 ,2017,Q1,General and Accute - Available,614
 RC9 ,2017,Q1,General and Accute - Occupied,556
 RCX ,2017,Q1,General and Accute - Available,445
 RCX ,2017,Q1,General and Accute - Occupied,395
 RD8 ,2017,Q1,General and Accute - Available,427
 RD8 ,2017,Q1,General and Accute - Occupied,424
 RDD ,2017,Q1,General and Accute - Available,637
 RDD ,2017,Q1,General and Accute - Occupied,631
 RDE ,2017,Q1,General and Accute - Available,571
 RDE ,2017,Q1,General and Accute - Occupied,523
 RFS ,2017,Q1,General and Accute - Available,491
 RFS ,2017,Q1,General and Accute - Occupied,447
 RGM ,2017,Q1,General and Accute - Available,213
 RGM ,2017,Q1,General and Accute - Occupied,165
 RGN ,2017,Q1,General and Accute - Available,773
 RGN ,2017,Q1,General and Accute - Occupied,660
 RGP ,2017,Q1,General and Accute - Available,433
 RGP ,2017,Q1,General and Accute - Occupied,357
 RGQ ,2017,Q1,General and Accute - Available,564
 RGQ ,2017,Q1,General and Accute - Occupied,543
 RGR ,2017,Q1,General and Accute - Available,449
 RGR ,2017,Q1,General and Accute - Occupied,388
 RGT ,2017,Q1,General and Accute - Available,954
 RGT ,2017,Q1,General and Accute - Occupied,868
 RHA ,2017,Q1,General and Accute - Available,88
 RHA ,2017,Q1,General and Accute - Occupied,79
 RJC ,2017,Q1,General and Accute - Available,455
 RJC ,2017,Q1,General and Accute - Occupied,396
 RJE ,2017,Q1,General and Accute - Available,1285
 RJE ,2017,Q1,General and Accute - Occupied,1184
 RJF ,2017,Q1,General and Accute - Available,473
 RJF ,2017,Q1,General and Accute - Occupied,419
 RK5 ,2017,Q1,General and Accute - Available,569
 RK5 ,2017,Q1,General and Accute - Occupied,488
 RKB ,2017,Q1,General and Accute - Available,1076
 RKB ,2017,Q1,General and Accute - Occupied,1054
 RL1 ,2017,Q1,General and Accute - Available,159
 RL1 ,2017,Q1,General and Accute - Occupied,119
 RL4 ,2017,Q1,General and Accute - Available,818
 RL4 ,2017,Q1,General and Accute - Occupied,728
 RLQ ,2017,Q1,General and Accute - Available,265
 RLQ ,2017,Q1,General and Accute - Occupied,240
 RLT ,2017,Q1,General and Accute - Available,297
 RLT ,2017,Q1,General and Accute - Occupied,282
 RLY ,2017,Q1,General and Accute - Available,
 RLY ,2017,Q1,General and Accute - Occupied,
 RM1 ,2017,Q1,General and Accute - Available,904
 RM1 ,2017,Q1,General and Accute - Occupied,816
 RMY ,2017,Q1,General and Accute - Available,
 RMY ,2017,Q1,General and Accute - Occupied,
 RNA ,2017,Q1,General and Accute - Available,695
 RNA ,2017,Q1,General and Accute - Occupied,603
 RNQ ,2017,Q1,General and Accute - Available,603
 RNQ ,2017,Q1,General and Accute - Occupied,595
 RNS ,2017,Q1,General and Accute - Available,742
 RNS ,2017,Q1,General and Accute - Occupied,685
 RP1 ,2017,Q1,General and Accute - Available,122
 RP1 ,2017,Q1,General and Accute - Occupied,116
 RP7 ,2017,Q1,General and Accute - Available,
 RP7 ,2017,Q1,General and Accute - Occupied,
 RQ3 ,2017,Q1,General and Accute - Available,260
 RQ3 ,2017,Q1,General and Accute - Occupied,227
 RQ8 ,2017,Q1,General and Accute - Available,506
 RQ8 ,2017,Q1,General and Accute - Occupied,493
 RQW ,2017,Q1,General and Accute - Available,480
 RQW ,2017,Q1,General and Accute - Occupied,456
 RR1 ,2017,Q1,General and Accute - Available,1374
 RR1 ,2017,Q1,General and Accute - Occupied,1357
 RRE ,2017,Q1,General and Accute - Available,
 RRE ,2017,Q1,General and Accute - Occupied,
 RRJ ,2017,Q1,General and Accute - Available,108
 RRJ ,2017,Q1,General and Accute - Occupied,73
 RRK ,2017,Q1,General and Accute - Available,1063
 RRK ,2017,Q1,General and Accute - Occupied,1034
 RT1 ,2017,Q1,General and Accute - Available,67
 RT1 ,2017,Q1,General and Accute - Occupied,59
 RTG ,2017,Q1,General and Accute - Available,1005
 RTG ,2017,Q1,General and Accute - Occupied,859
 RWD ,2017,Q1,General and Accute - Available,1119
 RWD ,2017,Q1,General and Accute - Occupied,876
 RWE ,2017,Q1,General and Accute - Available,1518
 RWE ,2017,Q1,General and Accute - Occupied,1308
 RWG ,2017,Q1,General and Accute - Available,685
 RWG ,2017,Q1,General and Accute - Occupied,622
 RWH ,2017,Q1,General and Accute - Available,633
 RWH ,2017,Q1,General and Accute - Occupied,524
 RWP ,2017,Q1,General and Accute - Available,734
 RWP ,2017,Q1,General and Accute - Occupied,658
 RX1 ,2017,Q1,General and Accute - Available,1528
 RX1 ,2017,Q1,General and Accute - Occupied,1357
 RXK ,2017,Q1,General and Accute - Available,653
 RXK ,2017,Q1,General and Accute - Occupied,566
 RXM ,2017,Q1,General and Accute - Available,
 RXM ,2017,Q1,General and Accute - Occupied,
 RXT ,2017,Q1,General and Accute - Available,
 RXT ,2017,Q1,General and Accute - Occupied,
 RXW ,2017,Q1,General and Accute - Available,726
 RXW ,2017,Q1,General and Accute - Occupied,657
 RY3 ,2017,Q1,General and Accute - Available,74
 RY3 ,2017,Q1,General and Accute - Occupied,65
 RY5 ,2017,Q1,General and Accute - Available,52
 RY5 ,2017,Q1,General and Accute - Occupied,36
 RY8 ,2017,Q1,General and Accute - Available,
 RY8 ,2017,Q1,General and Accute - Occupied,
 RYG ,2017,Q1,General and Accute - Available,
 RYG ,2017,Q1,General and Accute - Occupied,
 RYK ,2017,Q1,General and Accute - Available,
 RYK ,2017,Q1,General and Accute - Occupied,
 RYV ,2017,Q1,General and Accute - Available,35
 RYV ,2017,Q1,General and Accute - Occupied,10
 RYW ,2017,Q1,General and Accute - Available,206
 RYW ,2017,Q1,General and Accute - Occupied,185
 TAJ ,2017,Q1,General and Accute - Available,
 TAJ ,2017,Q1,General and Accute - Occupied,
 R1H ,2017,Q1,General and Accute - Available,1706
 R1H ,2017,Q1,General and Accute - Occupied,1628
 R1K ,2017,Q1,General and Accute - Available,1223
 R1K ,2017,Q1,General and Accute - Occupied,1113
 RAL ,2017,Q1,General and Accute - Available,951
 RAL ,2017,Q1,General and Accute - Occupied,877
 RAN ,2017,Q1,General and Accute - Available,164
 RAN ,2017,Q1,General and Accute - Occupied,105
 RAP ,2017,Q1,General and Accute - Available,488
 RAP ,2017,Q1,General and Accute - Occupied,447
 RAS ,2017,Q1,General and Accute - Available,429
 RAS ,2017,Q1,General and Accute - Occupied,396
 RAT ,2017,Q1,General and Accute - Available,147
 RAT ,2017,Q1,General and Accute - Occupied,133
 RAX ,2017,Q1,General and Accute - Available,383
 RAX ,2017,Q1,General and Accute - Occupied,369
 RF4 ,2017,Q1,General and Accute - Available,911
 RF4 ,2017,Q1,General and Accute - Occupied,813
 RJ1 ,2017,Q1,General and Accute - Available,1002
 RJ1 ,2017,Q1,General and Accute - Occupied,820
 RJ2 ,2017,Q1,General and Accute - Available,888
 RJ2 ,2017,Q1,General and Accute - Occupied,822
 RJ6 ,2017,Q1,General and Accute - Available,470
 RJ6 ,2017,Q1,General and Accute - Occupied,445
 RJ7 ,2017,Q1,General and Accute - Available,914
 RJ7 ,2017,Q1,General and Accute - Occupied,836
 RJZ ,2017,Q1,General and Accute - Available,1291
 RJZ ,2017,Q1,General and Accute - Occupied,1223
 RKE ,2017,Q1,General and Accute - Available,260
 RKE ,2017,Q1,General and Accute - Occupied,222
 RKL ,2017,Q1,General and Accute - Available,20
 RKL ,2017,Q1,General and Accute - Occupied,15
 RP4 ,2017,Q1,General and Accute - Available,285
 RP4 ,2017,Q1,General and Accute - Occupied,234
 RP6 ,2017,Q1,General and Accute - Available,8
 RP6 ,2017,Q1,General and Accute - Occupied,6
 RPG ,2017,Q1,General and Accute - Available,
 RPG ,2017,Q1,General and Accute - Occupied,
 RPY ,2017,Q1,General and Accute - Available,186
 RPY ,2017,Q1,General and Accute - Occupied,156
 RQM ,2017,Q1,General and Accute - Available,737
 RQM ,2017,Q1,General and Accute - Occupied,689
 RQX ,2017,Q1,General and Accute - Available,393
 RQX ,2017,Q1,General and Accute - Occupied,300
 RQY ,2017,Q1,General and Accute - Available,
 RQY ,2017,Q1,General and Accute - Occupied,
 RRP ,2017,Q1,General and Accute - Available,
 RRP ,2017,Q1,General and Accute - Occupied,
 RRV ,2017,Q1,General and Accute - Available,808
 RRV ,2017,Q1,General and Accute - Occupied,656
 RT3 ,2017,Q1,General and Accute - Available,386
 RT3 ,2017,Q1,General and Accute - Occupied,309
 RV3 ,2017,Q1,General and Accute - Available,82
 RV3 ,2017,Q1,General and Accute - Occupied,72
 RVR ,2017,Q1,General and Accute - Available,819
 RVR ,2017,Q1,General and Accute - Occupied,667
 RWK ,2017,Q1,General and Accute - Available,32
 RWK ,2017,Q1,General and Accute - Occupied,22
 RYJ ,2017,Q1,General and Accute - Available,1005
 RYJ ,2017,Q1,General and Accute - Occupied,815
 RYX ,2017,Q1,General and Accute - Available,13
 RYX ,2017,Q1,General and Accute - Occupied,8
 TAF ,2017,Q1,General and Accute - Available,
 TAF ,2017,Q1,General and Accute - Occupied,
 R1C ,2017,Q1,General and Accute - Available,57
 R1C ,2017,Q1,General and Accute - Occupied,52
 R1F ,2017,Q1,General and Accute - Available,250
 R1F ,2017,Q1,General and Accute - Occupied,238
 R1J ,2017,Q1,General and Accute - Available,
 R1J ,2017,Q1,General and Accute - Occupied,
 RA2 ,2017,Q1,General and Accute - Available,437
 RA2 ,2017,Q1,General and Accute - Occupied,368
 RA3 ,2017,Q1,General and Accute - Available,252
 RA3 ,2017,Q1,General and Accute - Occupied,246
 RA4 ,2017,Q1,General and Accute - Available,341
 RA4 ,2017,Q1,General and Accute - Occupied,290
 RA7 ,2017,Q1,General and Accute - Available,720
 RA7 ,2017,Q1,General and Accute - Occupied,685
 RA9 ,2017,Q1,General and Accute - Available,380
 RA9 ,2017,Q1,General and Accute - Occupied,323
 RBA ,2017,Q1,General and Accute - Available,447
 RBA ,2017,Q1,General and Accute - Occupied,390
 RBD ,2017,Q1,General and Accute - Available,297
 RBD ,2017,Q1,General and Accute - Occupied,251
 RBZ ,2017,Q1,General and Accute - Available,266
 RBZ ,2017,Q1,General and Accute - Occupied,238
 RD1 ,2017,Q1,General and Accute - Available,642
 RD1 ,2017,Q1,General and Accute - Occupied,585
 RD3 ,2017,Q1,General and Accute - Available,491
 RD3 ,2017,Q1,General and Accute - Occupied,438
 RDR ,2017,Q1,General and Accute - Available,122
 RDR ,2017,Q1,General and Accute - Occupied,106
 RDU ,2017,Q1,General and Accute - Available,1304
 RDU ,2017,Q1,General and Accute - Occupied,1209
 RDY ,2017,Q1,General and Accute - Available,
 RDY ,2017,Q1,General and Accute - Occupied,
 RDZ ,2017,Q1,General and Accute - Available,553
 RDZ ,2017,Q1,General and Accute - Occupied,518
 REF ,2017,Q1,General and Accute - Available,700
 REF ,2017,Q1,General and Accute - Occupied,607
 RH5 ,2017,Q1,General and Accute - Available,239
 RH5 ,2017,Q1,General and Accute - Occupied,220
 RH8 ,2017,Q1,General and Accute - Available,871
 RH8 ,2017,Q1,General and Accute - Occupied,742
 RHM ,2017,Q1,General and Accute - Available,1099
 RHM ,2017,Q1,General and Accute - Occupied,1007
 RHU ,2017,Q1,General and Accute - Available,998
 RHU ,2017,Q1,General and Accute - Occupied,949
 RHW ,2017,Q1,General and Accute - Available,635
 RHW ,2017,Q1,General and Accute - Occupied,535
 RJ8 ,2017,Q1,General and Accute - Available,117
 RJ8 ,2017,Q1,General and Accute - Occupied,110
 RK9 ,2017,Q1,General and Accute - Available,859
 RK9 ,2017,Q1,General and Accute - Occupied,787
 RN3 ,2017,Q1,General and Accute - Available,557
 RN3 ,2017,Q1,General and Accute - Occupied,540
 RN5 ,2017,Q1,General and Accute - Available,797
 RN5 ,2017,Q1,General and Accute - Occupied,677
 RN7 ,2017,Q1,General and Accute - Available,524
 RN7 ,2017,Q1,General and Accute - Occupied,490
 RNU ,2017,Q1,General and Accute - Available,150
 RNU ,2017,Q1,General and Accute - Occupied,147
 RNZ ,2017,Q1,General and Accute - Available,500
 RNZ ,2017,Q1,General and Accute - Occupied,392
 RPA ,2017,Q1,General and Accute - Available,488
 RPA ,2017,Q1,General and Accute - Occupied,458
 RPC ,2017,Q1,General and Accute - Available,67
 RPC ,2017,Q1,General and Accute - Occupied,38
 RTE ,2017,Q1,General and Accute - Available,937
 RTE ,2017,Q1,General and Accute - Occupied,795
 RTH ,2017,Q1,General and Accute - Available,1135
 RTH ,2017,Q1,General and Accute - Occupied,1016
 RTK ,2017,Q1,General and Accute - Available,501
 RTK ,2017,Q1,General and Accute - Occupied,430
 RTP ,2017,Q1,General and Accute - Available,640
 RTP ,2017,Q1,General and Accute - Occupied,594
 RTQ ,2017,Q1,General and Accute - Available,
 RTQ ,2017,Q1,General and Accute - Occupied,
 RVJ ,2017,Q1,General and Accute - Available,878
 RVJ ,2017,Q1,General and Accute - Occupied,859
 RVN ,2017,Q1,General and Accute - Available,
 RVN ,2017,Q1,General and Accute - Occupied,
 RVV ,2017,Q1,General and Accute - Available,1008
 RVV ,2017,Q1,General and Accute - Occupied,885
 RW1 ,2017,Q1,General and Accute - Available,64
 RW1 ,2017,Q1,General and Accute - Occupied,59
 RWF ,2017,Q1,General and Accute - Available,784
 RWF ,2017,Q1,General and Accute - Occupied,709
 RWV ,2017,Q1,General and Accute - Available,
 RWV ,2017,Q1,General and Accute - Occupied,
 RWX ,2017,Q1,General and Accute - Available,46
 RWX ,2017,Q1,General and Accute - Occupied,41
 RX2 ,2017,Q1,General and Accute - Available,
 RX2 ,2017,Q1,General and Accute - Occupied,
 RXC ,2017,Q1,General and Accute - Available,772
 RXC ,2017,Q1,General and Accute - Occupied,656
 RXH ,2017,Q1,General and Accute - Available,806
 RXH ,2017,Q1,General and Accute - Occupied,737
 RXQ ,2017,Q1,General and Accute - Available,687
 RXQ ,2017,Q1,General and Accute - Occupied,615
 RXX ,2017,Q1,General and Accute - Available,
 RXX ,2017,Q1,General and Accute - Occupied,
 RXY ,2017,Q1,General and Accute - Available,
 RXY ,2017,Q1,General and Accute - Occupied,
 RYR ,2017,Q1,General and Accute - Available,926
 RYR ,2017,Q1,General and Accute - Occupied,892
RAE,2017,Q2,General and Accute - Available,651
RAE,2017,Q2,General and Accute - Occupied,339
RBL,2017,Q2,General and Accute - Available,726
RBL,2017,Q2,General and Accute - Occupied,639
RBN,2017,Q2,General and Accute - Available,679
RBN,2017,Q2,General and Accute - Occupied,639
RBQ,2017,Q2,General and Accute - Available,154
RBQ,2017,Q2,General and Accute - Occupied,124
RBS,2017,Q2,General and Accute - Available,227
RBS,2017,Q2,General and Accute - Occupied,179
RBT,2017,Q2,General and Accute - Available,521
RBT,2017,Q2,General and Accute - Occupied,417
RBV,2017,Q2,General and Accute - Available,175
RBV,2017,Q2,General and Accute - Occupied,155
RCB,2017,Q2,General and Accute - Available,987
RCB,2017,Q2,General and Accute - Occupied,878
RCD,2017,Q2,General and Accute - Available,288
RCD,2017,Q2,General and Accute - Occupied,252
RCF,2017,Q2,General and Accute - Available,337
RCF,2017,Q2,General and Accute - Occupied,284
RCU,2017,Q2,General and Accute - Available,139
RCU,2017,Q2,General and Accute - Occupied,93
RE9,2017,Q2,General and Accute - Available,303
RE9,2017,Q2,General and Accute - Occupied,254
REM,2017,Q2,General and Accute - Available,725
REM,2017,Q2,General and Accute - Occupied,676
REN,2017,Q2,General and Accute - Available,104
REN,2017,Q2,General and Accute - Occupied,60
REP,2017,Q2,General and Accute - Available,27
REP,2017,Q2,General and Accute - Occupied,19
RET,2017,Q2,General and Accute - Available,167
RET,2017,Q2,General and Accute - Occupied,142
RFF,2017,Q2,General and Accute - Available,336
RFF,2017,Q2,General and Accute - Occupied,311
RFR,2017,Q2,General and Accute - Available,431
RFR,2017,Q2,General and Accute - Occupied,407
RGD,2017,Q2,General and Accute - Available,
RGD,2017,Q2,General and Accute - Occupied,
RHQ,2017,Q2,General and Accute - Available,1498
RHQ,2017,Q2,General and Accute - Occupied,1369
RJL,2017,Q2,General and Accute - Available,739
RJL,2017,Q2,General and Accute - Occupied,622
RJN,2017,Q2,General and Accute - Available,310
RJN,2017,Q2,General and Accute - Occupied,278
RJR,2017,Q2,General and Accute - Available,499
RJR,2017,Q2,General and Accute - Occupied,484
RLN,2017,Q2,General and Accute - Available,729
RLN,2017,Q2,General and Accute - Occupied,564
RM2,2017,Q2,General and Accute - Available,730
RM2,2017,Q2,General and Accute - Occupied,644
RM3,2017,Q2,General and Accute - Available,770
RM3,2017,Q2,General and Accute - Occupied,695
RMC,2017,Q2,General and Accute - Available,580
RMC,2017,Q2,General and Accute - Occupied,496
RMP,2017,Q2,General and Accute - Available,417
RMP,2017,Q2,General and Accute - Occupied,379
RNL,2017,Q2,General and Accute - Available,518
RNL,2017,Q2,General and Accute - Occupied,459
RNN,2017,Q2,General and Accute - Available,
RNN,2017,Q2,General and Accute - Occupied,
RP5,2017,Q2,General and Accute - Available,754
RP5,2017,Q2,General and Accute - Occupied,640
RQ6,2017,Q2,General and Accute - Available,767
RQ6,2017,Q2,General and Accute - Occupied,710
RR7,2017,Q2,General and Accute - Available,487
RR7,2017,Q2,General and Accute - Occupied,438
RR8,2017,Q2,General and Accute - Available,1698
RR8,2017,Q2,General and Accute - Occupied,1592
RRF,2017,Q2,General and Accute - Available,459
RRF,2017,Q2,General and Accute - Occupied,381
RT2,2017,Q2,General and Accute - Available,
RT2,2017,Q2,General and Accute - Occupied,
RTD,2017,Q2,General and Accute - Available,1459
RTD,2017,Q2,General and Accute - Occupied,1199
RTF,2017,Q2,General and Accute - Available,890
RTF,2017,Q2,General and Accute - Occupied,733
RTR,2017,Q2,General and Accute - Available,902
RTR,2017,Q2,General and Accute - Occupied,792
RTV,2017,Q2,General and Accute - Available,
RTV,2017,Q2,General and Accute - Occupied,
RTX,2017,Q2,General and Accute - Available,668
RTX,2017,Q2,General and Accute - Occupied,546
RV9,2017,Q2,General and Accute - Available,
RV9,2017,Q2,General and Accute - Occupied,
RVW,2017,Q2,General and Accute - Available,609
RVW,2017,Q2,General and Accute - Occupied,506
RVY,2017,Q2,General and Accute - Available,428
RVY,2017,Q2,General and Accute - Occupied,341
RW3,2017,Q2,General and Accute - Available,1090
RW3,2017,Q2,General and Accute - Occupied,983
RW4,2017,Q2,General and Accute - Available,
RW4,2017,Q2,General and Accute - Occupied,
RW5,2017,Q2,General and Accute - Available,
RW5,2017,Q2,General and Accute - Occupied,
RW6,2017,Q2,General and Accute - Available,1068
RW6,2017,Q2,General and Accute - Occupied,958
RWA,2017,Q2,General and Accute - Available,978
RWA,2017,Q2,General and Accute - Occupied,883
RWJ,2017,Q2,General and Accute - Available,671
RWJ,2017,Q2,General and Accute - Occupied,590
RWW,2017,Q2,General and Accute - Available,528
RWW,2017,Q2,General and Accute - Occupied,456
RWY,2017,Q2,General and Accute - Available,718
RWY,2017,Q2,General and Accute - Occupied,652
RX3,2017,Q2,General and Accute - Available,
RX3,2017,Q2,General and Accute - Occupied,
RX4,2017,Q2,General and Accute - Available,49
RX4,2017,Q2,General and Accute - Occupied,45
RXA,2017,Q2,General and Accute - Available,
RXA,2017,Q2,General and Accute - Occupied,
RXE,2017,Q2,General and Accute - Available,62
RXE,2017,Q2,General and Accute - Occupied,51
RXF,2017,Q2,General and Accute - Available,974
RXF,2017,Q2,General and Accute - Occupied,879
RXG,2017,Q2,General and Accute - Available,76
RXG,2017,Q2,General and Accute - Occupied,50
RXL,2017,Q2,General and Accute - Available,761
RXL,2017,Q2,General and Accute - Occupied,729
RXN,2017,Q2,General and Accute - Available,815
RXN,2017,Q2,General and Accute - Occupied,762
RXP,2017,Q2,General and Accute - Available,915
RXP,2017,Q2,General and Accute - Occupied,739
RXR,2017,Q2,General and Accute - Available,885
RXR,2017,Q2,General and Accute - Occupied,801
RY6,2017,Q2,General and Accute - Available,56
RY6,2017,Q2,General and Accute - Occupied,53
TAD,2017,Q2,General and Accute - Available,
TAD,2017,Q2,General and Accute - Occupied,
TAH,2017,Q2,General and Accute - Available,
TAH,2017,Q2,General and Accute - Occupied,
R1A,2017,Q2,General and Accute - Available,38
R1A,2017,Q2,General and Accute - Occupied,35
R1E,2017,Q2,General and Accute - Available,133
R1E,2017,Q2,General and Accute - Occupied,120
R1L,2017,Q2,General and Accute - Available,77
R1L,2017,Q2,General and Accute - Occupied,69
RAJ,2017,Q2,General and Accute - Available,524
RAJ,2017,Q2,General and Accute - Occupied,443
RBK,2017,Q2,General and Accute - Available,443
RBK,2017,Q2,General and Accute - Occupied,391
RC1,2017,Q2,General and Accute - Available,375
RC1,2017,Q2,General and Accute - Occupied,371
RC9,2017,Q2,General and Accute - Available,615
RC9,2017,Q2,General and Accute - Occupied,554
RCX,2017,Q2,General and Accute - Available,451
RCX,2017,Q2,General and Accute - Occupied,405
RD8,2017,Q2,General and Accute - Available,432
RD8,2017,Q2,General and Accute - Occupied,427
RDD,2017,Q2,General and Accute - Available,650
RDD,2017,Q2,General and Accute - Occupied,630
RDE,2017,Q2,General and Accute - Available,561
RDE,2017,Q2,General and Accute - Occupied,510
RFS,2017,Q2,General and Accute - Available,480
RFS,2017,Q2,General and Accute - Occupied,426
RGM,2017,Q2,General and Accute - Available,228
RGM,2017,Q2,General and Accute - Occupied,170
RGN,2017,Q2,General and Accute - Available,766
RGN,2017,Q2,General and Accute - Occupied,641
RGP,2017,Q2,General and Accute - Available,431
RGP,2017,Q2,General and Accute - Occupied,354
RGQ,2017,Q2,General and Accute - Available,570
RGQ,2017,Q2,General and Accute - Occupied,540
RGR,2017,Q2,General and Accute - Available,440
RGR,2017,Q2,General and Accute - Occupied,343
RGT,2017,Q2,General and Accute - Available,930
RGT,2017,Q2,General and Accute - Occupied,842
RHA,2017,Q2,General and Accute - Available,94
RHA,2017,Q2,General and Accute - Occupied,78
RJC,2017,Q2,General and Accute - Available,454
RJC,2017,Q2,General and Accute - Occupied,385
RJE,2017,Q2,General and Accute - Available,1292
RJE,2017,Q2,General and Accute - Occupied,1178
RJF,2017,Q2,General and Accute - Available,371
RJF,2017,Q2,General and Accute - Occupied,319
RK5,2017,Q2,General and Accute - Available,570
RK5,2017,Q2,General and Accute - Occupied,476
RKB,2017,Q2,General and Accute - Available,1076
RKB,2017,Q2,General and Accute - Occupied,1035
RL1,2017,Q2,General and Accute - Available,156
RL1,2017,Q2,General and Accute - Occupied,116
RL4,2017,Q2,General and Accute - Available,808
RL4,2017,Q2,General and Accute - Occupied,731
RLQ,2017,Q2,General and Accute - Available,263
RLQ,2017,Q2,General and Accute - Occupied,231
RLT,2017,Q2,General and Accute - Available,294
RLT,2017,Q2,General and Accute - Occupied,269
RLY,2017,Q2,General and Accute - Available,
RLY,2017,Q2,General and Accute - Occupied,
RM1,2017,Q2,General and Accute - Available,890
RM1,2017,Q2,General and Accute - Occupied,802
RMY,2017,Q2,General and Accute - Available,
RMY,2017,Q2,General and Accute - Occupied,
RNA,2017,Q2,General and Accute - Available,689
RNA,2017,Q2,General and Accute - Occupied,629
RNQ,2017,Q2,General and Accute - Available,590
RNQ,2017,Q2,General and Accute - Occupied,583
RNS,2017,Q2,General and Accute - Available,730
RNS,2017,Q2,General and Accute - Occupied,677
RP1,2017,Q2,General and Accute - Available,122
RP1,2017,Q2,General and Accute - Occupied,108
RP7,2017,Q2,General and Accute - Available,
RP7,2017,Q2,General and Accute - Occupied,
RQ3,2017,Q2,General and Accute - Available,261
RQ3,2017,Q2,General and Accute - Occupied,225
RQ8,2017,Q2,General and Accute - Available,505
RQ8,2017,Q2,General and Accute - Occupied,485
RQW,2017,Q2,General and Accute - Available,483
RQW,2017,Q2,General and Accute - Occupied,449
RR1,2017,Q2,General and Accute - Available,1403
RR1,2017,Q2,General and Accute - Occupied,1314
RRE,2017,Q2,General and Accute - Available,
RRE,2017,Q2,General and Accute - Occupied,
RRJ,2017,Q2,General and Accute - Available,107
RRJ,2017,Q2,General and Accute - Occupied,75
RRK,2017,Q2,General and Accute - Available,1063
RRK,2017,Q2,General and Accute - Occupied,1036
RT1,2017,Q2,General and Accute - Available,67
RT1,2017,Q2,General and Accute - Occupied,61
RTG,2017,Q2,General and Accute - Available,974
RTG,2017,Q2,General and Accute - Occupied,845
RWD,2017,Q2,General and Accute - Available,1032
RWD,2017,Q2,General and Accute - Occupied,1025
RWE,2017,Q2,General and Accute - Available,1510
RWE,2017,Q2,General and Accute - Occupied,1285
RWG,2017,Q2,General and Accute - Available,674
RWG,2017,Q2,General and Accute - Occupied,612
RWH,2017,Q2,General and Accute - Available,577
RWH,2017,Q2,General and Accute - Occupied,571
RWP,2017,Q2,General and Accute - Available,735
RWP,2017,Q2,General and Accute - Occupied,653
RX1,2017,Q2,General and Accute - Available,1459
RX1,2017,Q2,General and Accute - Occupied,1255
RXK,2017,Q2,General and Accute - Available,632
RXK,2017,Q2,General and Accute - Occupied,542
RXM,2017,Q2,General and Accute - Available,
RXM,2017,Q2,General and Accute - Occupied,
RXT,2017,Q2,General and Accute - Available,
RXT,2017,Q2,General and Accute - Occupied,
RXW,2017,Q2,General and Accute - Available,707
RXW,2017,Q2,General and Accute - Occupied,642
RY3,2017,Q2,General and Accute - Available,74
RY3,2017,Q2,General and Accute - Occupied,65
RY5,2017,Q2,General and Accute - Available,22
RY5,2017,Q2,General and Accute - Occupied,14
RY8,2017,Q2,General and Accute - Available,
RY8,2017,Q2,General and Accute - Occupied,
RYG,2017,Q2,General and Accute - Available,
RYG,2017,Q2,General and Accute - Occupied,
RYK,2017,Q2,General and Accute - Available,
RYK,2017,Q2,General and Accute - Occupied,
RYV,2017,Q2,General and Accute - Available,35
RYV,2017,Q2,General and Accute - Occupied,13
RYW,2017,Q2,General and Accute - Available,193
RYW,2017,Q2,General and Accute - Occupied,172
TAJ,2017,Q2,General and Accute - Available,
TAJ,2017,Q2,General and Accute - Occupied,
R1H,2017,Q2,General and Accute - Available,1565
R1H,2017,Q2,General and Accute - Occupied,1453
R1K,2017,Q2,General and Accute - Available,1221
R1K,2017,Q2,General and Accute - Occupied,1098
RAL,2017,Q2,General and Accute - Available,898
RAL,2017,Q2,General and Accute - Occupied,844
RAN,2017,Q2,General and Accute - Available,169
RAN,2017,Q2,General and Accute - Occupied,113
RAP,2017,Q2,General and Accute - Available,458
RAP,2017,Q2,General and Accute - Occupied,417
RAS,2017,Q2,General and Accute - Available,414
RAS,2017,Q2,General and Accute - Occupied,384
RAT,2017,Q2,General and Accute - Available,145
RAT,2017,Q2,General and Accute - Occupied,125
RAX,2017,Q2,General and Accute - Available,375
RAX,2017,Q2,General and Accute - Occupied,339
RF4,2017,Q2,General and Accute - Available,911
RF4,2017,Q2,General and Accute - Occupied,800
RJ1,2017,Q2,General and Accute - Available,1007
RJ1,2017,Q2,General and Accute - Occupied,841
RJ2,2017,Q2,General and Accute - Available,888
RJ2,2017,Q2,General and Accute - Occupied,808
RJ6,2017,Q2,General and Accute - Available,476
RJ6,2017,Q2,General and Accute - Occupied,452
RJ7,2017,Q2,General and Accute - Available,911
RJ7,2017,Q2,General and Accute - Occupied,840
RJZ,2017,Q2,General and Accute - Available,1303
RJZ,2017,Q2,General and Accute - Occupied,1212
RKE,2017,Q2,General and Accute - Available,268
RKE,2017,Q2,General and Accute - Occupied,227
RKL,2017,Q2,General and Accute - Available,20
RKL,2017,Q2,General and Accute - Occupied,17
RP4,2017,Q2,General and Accute - Available,279
RP4,2017,Q2,General and Accute - Occupied,234
RP6,2017,Q2,General and Accute - Available,8
RP6,2017,Q2,General and Accute - Occupied,5
RPG,2017,Q2,General and Accute - Available,
RPG,2017,Q2,General and Accute - Occupied,
RPY,2017,Q2,General and Accute - Available,186
RPY,2017,Q2,General and Accute - Occupied,158
RQM,2017,Q2,General and Accute - Available,725
RQM,2017,Q2,General and Accute - Occupied,669
RQX,2017,Q2,General and Accute - Available,320
RQX,2017,Q2,General and Accute - Occupied,255
RQY,2017,Q2,General and Accute - Available,
RQY,2017,Q2,General and Accute - Occupied,
RRP,2017,Q2,General and Accute - Available,
RRP,2017,Q2,General and Accute - Occupied,
RRV,2017,Q2,General and Accute - Available,804
RRV,2017,Q2,General and Accute - Occupied,649
RT3,2017,Q2,General and Accute - Available,382
RT3,2017,Q2,General and Accute - Occupied,346
RV3,2017,Q2,General and Accute - Available,82
RV3,2017,Q2,General and Accute - Occupied,75
RVR,2017,Q2,General and Accute - Available,790
RVR,2017,Q2,General and Accute - Occupied,649
RWK,2017,Q2,General and Accute - Available,32
RWK,2017,Q2,General and Accute - Occupied,20
RYJ,2017,Q2,General and Accute - Available,1002
RYJ,2017,Q2,General and Accute - Occupied,830
RYX,2017,Q2,General and Accute - Available,13
RYX,2017,Q2,General and Accute - Occupied,10
TAF,2017,Q2,General and Accute - Available,
TAF,2017,Q2,General and Accute - Occupied,
R1C,2017,Q2,General and Accute - Available,73
R1C,2017,Q2,General and Accute - Occupied,66
R1F,2017,Q2,General and Accute - Available,233
R1F,2017,Q2,General and Accute - Occupied,225
R1J,2017,Q2,General and Accute - Available,
R1J,2017,Q2,General and Accute - Occupied,
RA2,2017,Q2,General and Accute - Available,423
RA2,2017,Q2,General and Accute - Occupied,360
RA3,2017,Q2,General and Accute - Available,250
RA3,2017,Q2,General and Accute - Occupied,242
RA4,2017,Q2,General and Accute - Available,328
RA4,2017,Q2,General and Accute - Occupied,284
RA7,2017,Q2,General and Accute - Available,734
RA7,2017,Q2,General and Accute - Occupied,670
RA9,2017,Q2,General and Accute - Available,356
RA9,2017,Q2,General and Accute - Occupied,302
RBA,2017,Q2,General and Accute - Available,443
RBA,2017,Q2,General and Accute - Occupied,390
RBD,2017,Q2,General and Accute - Available,290
RBD,2017,Q2,General and Accute - Occupied,247
RBZ,2017,Q2,General and Accute - Available,264
RBZ,2017,Q2,General and Accute - Occupied,220
RD1,2017,Q2,General and Accute - Available,629
RD1,2017,Q2,General and Accute - Occupied,567
RD3,2017,Q2,General and Accute - Available,478
RD3,2017,Q2,General and Accute - Occupied,427
RDR,2017,Q2,General and Accute - Available,
RDR,2017,Q2,General and Accute - Occupied,
RDU,2017,Q2,General and Accute - Available,1289
RDU,2017,Q2,General and Accute - Occupied,1183
RDY,2017,Q2,General and Accute - Available,
RDY,2017,Q2,General and Accute - Occupied,
RDZ,2017,Q2,General and Accute - Available,551
RDZ,2017,Q2,General and Accute - Occupied,516
REF,2017,Q2,General and Accute - Available,698
REF,2017,Q2,General and Accute - Occupied,604
RH5,2017,Q2,General and Accute - Available,222
RH5,2017,Q2,General and Accute - Occupied,195
RH8,2017,Q2,General and Accute - Available,845
RH8,2017,Q2,General and Accute - Occupied,706
RHM,2017,Q2,General and Accute - Available,1077
RHM,2017,Q2,General and Accute - Occupied,980
RHU,2017,Q2,General and Accute - Available,990
RHU,2017,Q2,General and Accute - Occupied,941
RHW,2017,Q2,General and Accute - Available,621
RHW,2017,Q2,General and Accute - Occupied,517
RJ8,2017,Q2,General and Accute - Available,111
RJ8,2017,Q2,General and Accute - Occupied,105
RK9,2017,Q2,General and Accute - Available,850
RK9,2017,Q2,General and Accute - Occupied,776
RN3,2017,Q2,General and Accute - Available,561
RN3,2017,Q2,General and Accute - Occupied,522
RN5,2017,Q2,General and Accute - Available,774
RN5,2017,Q2,General and Accute - Occupied,661
RN7,2017,Q2,General and Accute - Available,514
RN7,2017,Q2,General and Accute - Occupied,463
RNU,2017,Q2,General and Accute - Available,146
RNU,2017,Q2,General and Accute - Occupied,141
RNZ,2017,Q2,General and Accute - Available,467
RNZ,2017,Q2,General and Accute - Occupied,401
RPA,2017,Q2,General and Accute - Available,476
RPA,2017,Q2,General and Accute - Occupied,448
RPC,2017,Q2,General and Accute - Available,65
RPC,2017,Q2,General and Accute - Occupied,40
RTE,2017,Q2,General and Accute - Available,936
RTE,2017,Q2,General and Accute - Occupied,828
RTH,2017,Q2,General and Accute - Available,1046
RTH,2017,Q2,General and Accute - Occupied,954
RTK,2017,Q2,General and Accute - Available,457
RTK,2017,Q2,General and Accute - Occupied,418
RTP,2017,Q2,General and Accute - Available,655
RTP,2017,Q2,General and Accute - Occupied,590
RTQ,2017,Q2,General and Accute - Available,
RTQ,2017,Q2,General and Accute - Occupied,
RVJ,2017,Q2,General and Accute - Available,873
RVJ,2017,Q2,General and Accute - Occupied,838
RVN,2017,Q2,General and Accute - Available,
RVN,2017,Q2,General and Accute - Occupied,
RVV,2017,Q2,General and Accute - Available,1004
RVV,2017,Q2,General and Accute - Occupied,866
RW1,2017,Q2,General and Accute - Available,63
RW1,2017,Q2,General and Accute - Occupied,57
RWF,2017,Q2,General and Accute - Available,753
RWF,2017,Q2,General and Accute - Occupied,690
RWV,2017,Q2,General and Accute - Available,
RWV,2017,Q2,General and Accute - Occupied,
RWX,2017,Q2,General and Accute - Available,46
RWX,2017,Q2,General and Accute - Occupied,38
RX2,2017,Q2,General and Accute - Available,
RX2,2017,Q2,General and Accute - Occupied,
RXC,2017,Q2,General and Accute - Available,731
RXC,2017,Q2,General and Accute - Occupied,656
RXH,2017,Q2,General and Accute - Available,788
RXH,2017,Q2,General and Accute - Occupied,741
RXQ,2017,Q2,General and Accute - Available,687
RXQ,2017,Q2,General and Accute - Occupied,634
RXX,2017,Q2,General and Accute - Available,
RXX,2017,Q2,General and Accute - Occupied,
RXY,2017,Q2,General and Accute - Available,
RXY,2017,Q2,General and Accute - Occupied,
RYR,2017,Q2,General and Accute - Available,903
RYR,2017,Q2,General and Accute - Occupied,864
 R0A ,2017,Q3,General and Accute - Available,1872
 R0A ,2017,Q3,General and Accute - Occupied,1697
 RAE ,2017,Q3,General and Accute - Available,805
 RAE ,2017,Q3,General and Accute - Occupied,715
 RBL ,2017,Q3,General and Accute - Available,746
 RBL ,2017,Q3,General and Accute - Occupied,677
 RBN ,2017,Q3,General and Accute - Available,669
 RBN ,2017,Q3,General and Accute - Occupied,637
 RBQ ,2017,Q3,General and Accute - Available,155
 RBQ ,2017,Q3,General and Accute - Occupied,128
 RBS ,2017,Q3,General and Accute - Available,229
 RBS ,2017,Q3,General and Accute - Occupied,187
 RBT ,2017,Q3,General and Accute - Available,519
 RBT ,2017,Q3,General and Accute - Occupied,445
 RBV ,2017,Q3,General and Accute - Available,174
 RBV ,2017,Q3,General and Accute - Occupied,152
 RCB ,2017,Q3,General and Accute - Available,987
 RCB ,2017,Q3,General and Accute - Occupied,880
 RCD ,2017,Q3,General and Accute - Available,299
 RCD ,2017,Q3,General and Accute - Occupied,268
 RCF ,2017,Q3,General and Accute - Available,347
 RCF ,2017,Q3,General and Accute - Occupied,302
 RCU ,2017,Q3,General and Accute - Available,139
 RCU ,2017,Q3,General and Accute - Occupied,99
 RE9 ,2017,Q3,General and Accute - Available,307
 RE9 ,2017,Q3,General and Accute - Occupied,272
 REM ,2017,Q3,General and Accute - Available,751
 REM ,2017,Q3,General and Accute - Occupied,707
 REN ,2017,Q3,General and Accute - Available,104
 REN ,2017,Q3,General and Accute - Occupied,69
 REP ,2017,Q3,General and Accute - Available,24
 REP ,2017,Q3,General and Accute - Occupied,17
 RET ,2017,Q3,General and Accute - Available,171
 RET ,2017,Q3,General and Accute - Occupied,146
 RFF ,2017,Q3,General and Accute - Available,351
 RFF ,2017,Q3,General and Accute - Occupied,345
 RFR ,2017,Q3,General and Accute - Available,437
 RFR ,2017,Q3,General and Accute - Occupied,403
 RGD ,2017,Q3,General and Accute - Available,
 RGD ,2017,Q3,General and Accute - Occupied,
 RHQ ,2017,Q3,General and Accute - Available,1497
 RHQ ,2017,Q3,General and Accute - Occupied,1429
 RJL ,2017,Q3,General and Accute - Available,723
 RJL ,2017,Q3,General and Accute - Occupied,618
 RJN ,2017,Q3,General and Accute - Available,310
 RJN ,2017,Q3,General and Accute - Occupied,285
 RJR ,2017,Q3,General and Accute - Available,508
 RJR ,2017,Q3,General and Accute - Occupied,498
 RLN ,2017,Q3,General and Accute - Available,724
 RLN ,2017,Q3,General and Accute - Occupied,590
 RM3 ,2017,Q3,General and Accute - Available,774
 RM3 ,2017,Q3,General and Accute - Occupied,712
 RMC ,2017,Q3,General and Accute - Available,596
 RMC ,2017,Q3,General and Accute - Occupied,527
 RMP ,2017,Q3,General and Accute - Available,422
 RMP ,2017,Q3,General and Accute - Occupied,390
 RNL ,2017,Q3,General and Accute - Available,526
 RNL ,2017,Q3,General and Accute - Occupied,474
 RNN ,2017,Q3,General and Accute - Available,
 RNN ,2017,Q3,General and Accute - Occupied,
 RP5 ,2017,Q3,General and Accute - Available,752
 RP5 ,2017,Q3,General and Accute - Occupied,665
 RQ6 ,2017,Q3,General and Accute - Available,767
 RQ6 ,2017,Q3,General and Accute - Occupied,699
 RR7 ,2017,Q3,General and Accute - Available,463
 RR7 ,2017,Q3,General and Accute - Occupied,448
 RR8 ,2017,Q3,General and Accute - Available,1726
 RR8 ,2017,Q3,General and Accute - Occupied,1621
 RRF ,2017,Q3,General and Accute - Available,454
 RRF ,2017,Q3,General and Accute - Occupied,395
 RT2 ,2017,Q3,General and Accute - Available,
 RT2 ,2017,Q3,General and Accute - Occupied,
 RTD ,2017,Q3,General and Accute - Available,1469
 RTD ,2017,Q3,General and Accute - Occupied,1250
 RTF ,2017,Q3,General and Accute - Available,875
 RTF ,2017,Q3,General and Accute - Occupied,718
 RTR ,2017,Q3,General and Accute - Available,895
 RTR ,2017,Q3,General and Accute - Occupied,779
 RTV ,2017,Q3,General and Accute - Available,
 RTV ,2017,Q3,General and Accute - Occupied,
 RTX ,2017,Q3,General and Accute - Available,615
 RTX ,2017,Q3,General and Accute - Occupied,547
 RV9 ,2017,Q3,General and Accute - Available,
 RV9 ,2017,Q3,General and Accute - Occupied,
 RVW ,2017,Q3,General and Accute - Available,613
 RVW ,2017,Q3,General and Accute - Occupied,525
 RVY ,2017,Q3,General and Accute - Available,441
 RVY ,2017,Q3,General and Accute - Occupied,388
 RW4 ,2017,Q3,General and Accute - Available,
 RW4 ,2017,Q3,General and Accute - Occupied,
 RW5 ,2017,Q3,General and Accute - Available,
 RW5 ,2017,Q3,General and Accute - Occupied,
 RW6 ,2017,Q3,General and Accute - Available,1084
 RW6 ,2017,Q3,General and Accute - Occupied,974
 RWA ,2017,Q3,General and Accute - Available,945
 RWA ,2017,Q3,General and Accute - Occupied,886
 RWJ ,2017,Q3,General and Accute - Available,651
 RWJ ,2017,Q3,General and Accute - Occupied,587
 RWW ,2017,Q3,General and Accute - Available,543
 RWW ,2017,Q3,General and Accute - Occupied,481
 RWY ,2017,Q3,General and Accute - Available,696
 RWY ,2017,Q3,General and Accute - Occupied,640
 RX3 ,2017,Q3,General and Accute - Available,
 RX3 ,2017,Q3,General and Accute - Occupied,
 RX4 ,2017,Q3,General and Accute - Available,49
 RX4 ,2017,Q3,General and Accute - Occupied,46
 RXA ,2017,Q3,General and Accute - Available,
 RXA ,2017,Q3,General and Accute - Occupied,
 RXE ,2017,Q3,General and Accute - Available,62
 RXE ,2017,Q3,General and Accute - Occupied,48
 RXF ,2017,Q3,General and Accute - Available,969
 RXF ,2017,Q3,General and Accute - Occupied,890
 RXG ,2017,Q3,General and Accute - Available,76
 RXG ,2017,Q3,General and Accute - Occupied,42
 RXL ,2017,Q3,General and Accute - Available,636
 RXL ,2017,Q3,General and Accute - Occupied,624
 RXN ,2017,Q3,General and Accute - Available,815
 RXN ,2017,Q3,General and Accute - Occupied,767
 RXP ,2017,Q3,General and Accute - Available,902
 RXP ,2017,Q3,General and Accute - Occupied,743
 RXR ,2017,Q3,General and Accute - Available,904
 RXR ,2017,Q3,General and Accute - Occupied,821
 RY6 ,2017,Q3,General and Accute - Available,25
 RY6 ,2017,Q3,General and Accute - Occupied,24
 TAD ,2017,Q3,General and Accute - Available,
 TAD ,2017,Q3,General and Accute - Occupied,
 TAH ,2017,Q3,General and Accute - Available,
 TAH ,2017,Q3,General and Accute - Occupied,
 R1A ,2017,Q3,General and Accute - Available,38
 R1A ,2017,Q3,General and Accute - Occupied,34
 R1E ,2017,Q3,General and Accute - Available,119
 R1E ,2017,Q3,General and Accute - Occupied,106
 R1L ,2017,Q3,General and Accute - Available,85
 R1L ,2017,Q3,General and Accute - Occupied,78
 RAJ ,2017,Q3,General and Accute - Available,545
 RAJ ,2017,Q3,General and Accute - Occupied,485
 RBK ,2017,Q3,General and Accute - Available,454
 RBK ,2017,Q3,General and Accute - Occupied,413
 RC1 ,2017,Q3,General and Accute - Available,380
 RC1 ,2017,Q3,General and Accute - Occupied,377
 RC9 ,2017,Q3,General and Accute - Available,640
 RC9 ,2017,Q3,General and Accute - Occupied,591
 RCX ,2017,Q3,General and Accute - Available,453
 RCX ,2017,Q3,General and Accute - Occupied,393
 RD8 ,2017,Q3,General and Accute - Available,432
 RD8 ,2017,Q3,General and Accute - Occupied,430
 RDD ,2017,Q3,General and Accute - Available,638
 RDD ,2017,Q3,General and Accute - Occupied,631
 RDE ,2017,Q3,General and Accute - Available,557
 RDE ,2017,Q3,General and Accute - Occupied,516
 RFS ,2017,Q3,General and Accute - Available,471
 RFS ,2017,Q3,General and Accute - Occupied,420
 RGM ,2017,Q3,General and Accute - Available,226
 RGM ,2017,Q3,General and Accute - Occupied,171
 RGN ,2017,Q3,General and Accute - Available,775
 RGN ,2017,Q3,General and Accute - Occupied,676
 RGP ,2017,Q3,General and Accute - Available,435
 RGP ,2017,Q3,General and Accute - Occupied,363
 RGQ ,2017,Q3,General and Accute - Available,646
 RGQ ,2017,Q3,General and Accute - Occupied,605
 RGR ,2017,Q3,General and Accute - Available,449
 RGR ,2017,Q3,General and Accute - Occupied,359
 RGT ,2017,Q3,General and Accute - Available,933
 RGT ,2017,Q3,General and Accute - Occupied,877
 RHA ,2017,Q3,General and Accute - Available,94
 RHA ,2017,Q3,General and Accute - Occupied,76
 RJC ,2017,Q3,General and Accute - Available,448
 RJC ,2017,Q3,General and Accute - Occupied,404
 RJE ,2017,Q3,General and Accute - Available,1322
 RJE ,2017,Q3,General and Accute - Occupied,1217
 RJF ,2017,Q3,General and Accute - Available,343
 RJF ,2017,Q3,General and Accute - Occupied,311
 RK5 ,2017,Q3,General and Accute - Available,591
 RK5 ,2017,Q3,General and Accute - Occupied,524
 RKB ,2017,Q3,General and Accute - Available,1075
 RKB ,2017,Q3,General and Accute - Occupied,1050
 RL1 ,2017,Q3,General and Accute - Available,154
 RL1 ,2017,Q3,General and Accute - Occupied,125
 RL4 ,2017,Q3,General and Accute - Available,802
 RL4 ,2017,Q3,General and Accute - Occupied,752
 RLQ ,2017,Q3,General and Accute - Available,266
 RLQ ,2017,Q3,General and Accute - Occupied,238
 RLT ,2017,Q3,General and Accute - Available,303
 RLT ,2017,Q3,General and Accute - Occupied,270
 RLY ,2017,Q3,General and Accute - Available,
 RLY ,2017,Q3,General and Accute - Occupied,
 RM1 ,2017,Q3,General and Accute - Available,882
 RM1 ,2017,Q3,General and Accute - Occupied,811
 RMY ,2017,Q3,General and Accute - Available,
 RMY ,2017,Q3,General and Accute - Occupied,
 RNA ,2017,Q3,General and Accute - Available,649
 RNA ,2017,Q3,General and Accute - Occupied,609
 RNQ ,2017,Q3,General and Accute - Available,600
 RNQ ,2017,Q3,General and Accute - Occupied,595
 RNS ,2017,Q3,General and Accute - Available,733
 RNS ,2017,Q3,General and Accute - Occupied,673
 RP1 ,2017,Q3,General and Accute - Available,122
 RP1 ,2017,Q3,General and Accute - Occupied,111
 RP7 ,2017,Q3,General and Accute - Available,
 RP7 ,2017,Q3,General and Accute - Occupied,
 RQ3 ,2017,Q3,General and Accute - Available,261
 RQ3 ,2017,Q3,General and Accute - Occupied,232
 RQ8 ,2017,Q3,General and Accute - Available,512
 RQ8 ,2017,Q3,General and Accute - Occupied,495
 RQW ,2017,Q3,General and Accute - Available,500
 RQW ,2017,Q3,General and Accute - Occupied,453
 RR1 ,2017,Q3,General and Accute - Available,1416
 RR1 ,2017,Q3,General and Accute - Occupied,1397
 RRE ,2017,Q3,General and Accute - Available,
 RRE ,2017,Q3,General and Accute - Occupied,
 RRJ ,2017,Q3,General and Accute - Available,109
 RRJ ,2017,Q3,General and Accute - Occupied,74
 RRK ,2017,Q3,General and Accute - Available,1050
 RRK ,2017,Q3,General and Accute - Occupied,1028
 RT1 ,2017,Q3,General and Accute - Available,67
 RT1 ,2017,Q3,General and Accute - Occupied,61
 RTG ,2017,Q3,General and Accute - Available,1001
 RTG ,2017,Q3,General and Accute - Occupied,900
 RWD ,2017,Q3,General and Accute - Available,930
 RWD ,2017,Q3,General and Accute - Occupied,860
 RWE ,2017,Q3,General and Accute - Available,1520
 RWE ,2017,Q3,General and Accute - Occupied,1333
 RWG ,2017,Q3,General and Accute - Available,674
 RWG ,2017,Q3,General and Accute - Occupied,614
 RWH ,2017,Q3,General and Accute - Available,576
 RWH ,2017,Q3,General and Accute - Occupied,564
 RWP ,2017,Q3,General and Accute - Available,735
 RWP ,2017,Q3,General and Accute - Occupied,673
 RX1 ,2017,Q3,General and Accute - Available,1470
 RX1 ,2017,Q3,General and Accute - Occupied,1317
 RXK ,2017,Q3,General and Accute - Available,646
 RXK ,2017,Q3,General and Accute - Occupied,586
 RXM ,2017,Q3,General and Accute - Available,
 RXM ,2017,Q3,General and Accute - Occupied,
 RXT ,2017,Q3,General and Accute - Available,
 RXT ,2017,Q3,General and Accute - Occupied,
 RXW ,2017,Q3,General and Accute - Available,702
 RXW ,2017,Q3,General and Accute - Occupied,660
 RY3 ,2017,Q3,General and Accute - Available,74
 RY3 ,2017,Q3,General and Accute - Occupied,64
 RY5 ,2017,Q3,General and Accute - Available,16
 RY5 ,2017,Q3,General and Accute - Occupied,15
 RY8 ,2017,Q3,General and Accute - Available,
 RY8 ,2017,Q3,General and Accute - Occupied,
 RYG ,2017,Q3,General and Accute - Available,
 RYG ,2017,Q3,General and Accute - Occupied,
 RYK ,2017,Q3,General and Accute - Available,
 RYK ,2017,Q3,General and Accute - Occupied,
 RYV ,2017,Q3,General and Accute - Available,34
 RYV ,2017,Q3,General and Accute - Occupied,13
 RYW ,2017,Q3,General and Accute - Available,210
 RYW ,2017,Q3,General and Accute - Occupied,189
 TAJ ,2017,Q3,General and Accute - Available,
 TAJ ,2017,Q3,General and Accute - Occupied,
 R1H ,2017,Q3,General and Accute - Available,1555
 R1H ,2017,Q3,General and Accute - Occupied,1434
 R1K ,2017,Q3,General and Accute - Available,1190
 R1K ,2017,Q3,General and Accute - Occupied,1121
 RAL ,2017,Q3,General and Accute - Available,948
 RAL ,2017,Q3,General and Accute - Occupied,882
 RAN ,2017,Q3,General and Accute - Available,154
 RAN ,2017,Q3,General and Accute - Occupied,103
 RAP ,2017,Q3,General and Accute - Available,449
 RAP ,2017,Q3,General and Accute - Occupied,411
 RAS ,2017,Q3,General and Accute - Available,415
 RAS ,2017,Q3,General and Accute - Occupied,391
 RAT ,2017,Q3,General and Accute - Available,148
 RAT ,2017,Q3,General and Accute - Occupied,130
 RAX ,2017,Q3,General and Accute - Available,384
 RAX ,2017,Q3,General and Accute - Occupied,363
 RF4 ,2017,Q3,General and Accute - Available,911
 RF4 ,2017,Q3,General and Accute - Occupied,797
 RJ1 ,2017,Q3,General and Accute - Available,1005
 RJ1 ,2017,Q3,General and Accute - Occupied,872
 RJ2 ,2017,Q3,General and Accute - Available,882
 RJ2 ,2017,Q3,General and Accute - Occupied,826
 RJ6 ,2017,Q3,General and Accute - Available,474
 RJ6 ,2017,Q3,General and Accute - Occupied,448
 RJ7 ,2017,Q3,General and Accute - Available,909
 RJ7 ,2017,Q3,General and Accute - Occupied,852
 RJZ ,2017,Q3,General and Accute - Available,1321
 RJZ ,2017,Q3,General and Accute - Occupied,1237
 RKE ,2017,Q3,General and Accute - Available,280
 RKE ,2017,Q3,General and Accute - Occupied,247
 RKL ,2017,Q3,General and Accute - Available,20
 RKL ,2017,Q3,General and Accute - Occupied,16
 RP4 ,2017,Q3,General and Accute - Available,290
 RP4 ,2017,Q3,General and Accute - Occupied,233
 RP6 ,2017,Q3,General and Accute - Available,8
 RP6 ,2017,Q3,General and Accute - Occupied,6
 RPG ,2017,Q3,General and Accute - Available,
 RPG ,2017,Q3,General and Accute - Occupied,
 RPY ,2017,Q3,General and Accute - Available,190
 RPY ,2017,Q3,General and Accute - Occupied,157
 RQM ,2017,Q3,General and Accute - Available,744
 RQM ,2017,Q3,General and Accute - Occupied,706
 RQX ,2017,Q3,General and Accute - Available,325
 RQX ,2017,Q3,General and Accute - Occupied,266
 RQY ,2017,Q3,General and Accute - Available,
 RQY ,2017,Q3,General and Accute - Occupied,
 RRP ,2017,Q3,General and Accute - Available,
 RRP ,2017,Q3,General and Accute - Occupied,
 RRV ,2017,Q3,General and Accute - Available,823
 RRV ,2017,Q3,General and Accute - Occupied,623
 RT3 ,2017,Q3,General and Accute - Available,382
 RT3 ,2017,Q3,General and Accute - Occupied,317
 RV3 ,2017,Q3,General and Accute - Available,76
 RV3 ,2017,Q3,General and Accute - Occupied,72
 RVR ,2017,Q3,General and Accute - Available,782
 RVR ,2017,Q3,General and Accute - Occupied,677
 RWK ,2017,Q3,General and Accute - Available,32
 RWK ,2017,Q3,General and Accute - Occupied,22
 RYJ ,2017,Q3,General and Accute - Available,1028
 RYJ ,2017,Q3,General and Accute - Occupied,860
 RYX ,2017,Q3,General and Accute - Available,13
 RYX ,2017,Q3,General and Accute - Occupied,9
 TAF ,2017,Q3,General and Accute - Available,
 TAF ,2017,Q3,General and Accute - Occupied,
 R1C ,2017,Q3,General and Accute - Available,73
 R1C ,2017,Q3,General and Accute - Occupied,70
 R1F ,2017,Q3,General and Accute - Available,244
 R1F ,2017,Q3,General and Accute - Occupied,233
 R1J ,2017,Q3,General and Accute - Available,
 R1J ,2017,Q3,General and Accute - Occupied,
 RA2 ,2017,Q3,General and Accute - Available,434
 RA2 ,2017,Q3,General and Accute - Occupied,365
 RA3 ,2017,Q3,General and Accute - Available,260
 RA3 ,2017,Q3,General and Accute - Occupied,247
 RA4 ,2017,Q3,General and Accute - Available,321
 RA4 ,2017,Q3,General and Accute - Occupied,287
 RA7 ,2017,Q3,General and Accute - Available,738
 RA7 ,2017,Q3,General and Accute - Occupied,675
 RA9 ,2017,Q3,General and Accute - Available,359
 RA9 ,2017,Q3,General and Accute - Occupied,312
 RBA ,2017,Q3,General and Accute - Available,445
 RBA ,2017,Q3,General and Accute - Occupied,406
 RBD ,2017,Q3,General and Accute - Available,290
 RBD ,2017,Q3,General and Accute - Occupied,256
 RBZ ,2017,Q3,General and Accute - Available,265
 RBZ ,2017,Q3,General and Accute - Occupied,230
 RD1 ,2017,Q3,General and Accute - Available,628
 RD1 ,2017,Q3,General and Accute - Occupied,478
 RD3 ,2017,Q3,General and Accute - Available,522
 RD3 ,2017,Q3,General and Accute - Occupied,440
 RDR ,2017,Q3,General and Accute - Available,
 RDR ,2017,Q3,General and Accute - Occupied,
 RDU ,2017,Q3,General and Accute - Available,1290
 RDU ,2017,Q3,General and Accute - Occupied,1188
 RDY ,2017,Q3,General and Accute - Available,
 RDY ,2017,Q3,General and Accute - Occupied,
 RDZ ,2017,Q3,General and Accute - Available,562
 RDZ ,2017,Q3,General and Accute - Occupied,520
 REF ,2017,Q3,General and Accute - Available,696
 REF ,2017,Q3,General and Accute - Occupied,614
 RH5 ,2017,Q3,General and Accute - Available,222
 RH5 ,2017,Q3,General and Accute - Occupied,187
 RH8 ,2017,Q3,General and Accute - Available,775
 RH8 ,2017,Q3,General and Accute - Occupied,672
 RHM ,2017,Q3,General and Accute - Available,1093
 RHM ,2017,Q3,General and Accute - Occupied,1002
 RHU ,2017,Q3,General and Accute - Available,980
 RHU ,2017,Q3,General and Accute - Occupied,935
 RHW ,2017,Q3,General and Accute - Available,633
 RHW ,2017,Q3,General and Accute - Occupied,545
 RJ8 ,2017,Q3,General and Accute - Available,105
 RJ8 ,2017,Q3,General and Accute - Occupied,102
 RK9 ,2017,Q3,General and Accute - Available,860
 RK9 ,2017,Q3,General and Accute - Occupied,783
 RN3 ,2017,Q3,General and Accute - Available,566
 RN3 ,2017,Q3,General and Accute - Occupied,538
 RN5 ,2017,Q3,General and Accute - Available,708
 RN5 ,2017,Q3,General and Accute - Occupied,691
 RN7 ,2017,Q3,General and Accute - Available,522
 RN7 ,2017,Q3,General and Accute - Occupied,467
 RNU ,2017,Q3,General and Accute - Available,139
 RNU ,2017,Q3,General and Accute - Occupied,131
 RNZ ,2017,Q3,General and Accute - Available,460
 RNZ ,2017,Q3,General and Accute - Occupied,408
 RPA ,2017,Q3,General and Accute - Available,457
 RPA ,2017,Q3,General and Accute - Occupied,430
 RPC ,2017,Q3,General and Accute - Available,65
 RPC ,2017,Q3,General and Accute - Occupied,39
 RTE ,2017,Q3,General and Accute - Available,944
 RTE ,2017,Q3,General and Accute - Occupied,842
 RTH ,2017,Q3,General and Accute - Available,978
 RTH ,2017,Q3,General and Accute - Occupied,939
 RTK ,2017,Q3,General and Accute - Available,490
 RTK ,2017,Q3,General and Accute - Occupied,431
 RTP ,2017,Q3,General and Accute - Available,652
 RTP ,2017,Q3,General and Accute - Occupied,586
 RTQ ,2017,Q3,General and Accute - Available,
 RTQ ,2017,Q3,General and Accute - Occupied,
 RVJ ,2017,Q3,General and Accute - Available,879
 RVJ ,2017,Q3,General and Accute - Occupied,846
 RVN ,2017,Q3,General and Accute - Available,
 RVN ,2017,Q3,General and Accute - Occupied,
 RVV ,2017,Q3,General and Accute - Available,953
 RVV ,2017,Q3,General and Accute - Occupied,884
 RW1 ,2017,Q3,General and Accute - Available,97
 RW1 ,2017,Q3,General and Accute - Occupied,87
 RWF ,2017,Q3,General and Accute - Available,787
 RWF ,2017,Q3,General and Accute - Occupied,730
 RWV ,2017,Q3,General and Accute - Available,
 RWV ,2017,Q3,General and Accute - Occupied,
 RWX ,2017,Q3,General and Accute - Available,46
 RWX ,2017,Q3,General and Accute - Occupied,38
 RX2 ,2017,Q3,General and Accute - Available,
 RX2 ,2017,Q3,General and Accute - Occupied,
 RXC ,2017,Q3,General and Accute - Available,730
 RXC ,2017,Q3,General and Accute - Occupied,668
 RXH ,2017,Q3,General and Accute - Available,811
 RXH ,2017,Q3,General and Accute - Occupied,751
 RXQ ,2017,Q3,General and Accute - Available,687
 RXQ ,2017,Q3,General and Accute - Occupied,662
 RXX ,2017,Q3,General and Accute - Available,
 RXX ,2017,Q3,General and Accute - Occupied,
 RXY ,2017,Q3,General and Accute - Available,
 RXY ,2017,Q3,General and Accute - Occupied,
 RYR ,2017,Q3,General and Accute - Available,961
 RYR ,2017,Q3,General and Accute - Occupied,907
R0A,2018,Q4,General and Accute - Available,1913
R0A,2018,Q4,General and Accute - Occupied,1758
RAE,2018,Q4,General and Accute - Available,673
RAE,2018,Q4,General and Accute - Occupied,625
RBL,2018,Q4,General and Accute - Available,763
RBL,2018,Q4,General and Accute - Occupied,708
RBN,2018,Q4,General and Accute - Available,685
RBN,2018,Q4,General and Accute - Occupied,660
RBQ,2018,Q4,General and Accute - Available,157
RBQ,2018,Q4,General and Accute - Occupied,128
RBS,2018,Q4,General and Accute - Available,233
RBS,2018,Q4,General and Accute - Occupied,199
RBT,2018,Q4,General and Accute - Available,544
RBT,2018,Q4,General and Accute - Occupied,503
RBV,2018,Q4,General and Accute - Available,177
RBV,2018,Q4,General and Accute - Occupied,157
RCB,2018,Q4,General and Accute - Available,1009
RCB,2018,Q4,General and Accute - Occupied,903
RCD,2018,Q4,General and Accute - Available,316
RCD,2018,Q4,General and Accute - Occupied,294
RCF,2018,Q4,General and Accute - Available,347
RCF,2018,Q4,General and Accute - Occupied,311
RCU,2018,Q4,General and Accute - Available,139
RCU,2018,Q4,General and Accute - Occupied,97
RE9,2018,Q4,General and Accute - Available,327
RE9,2018,Q4,General and Accute - Occupied,301
REM,2018,Q4,General and Accute - Available,808
REM,2018,Q4,General and Accute - Occupied,756
REN,2018,Q4,General and Accute - Available,105
REN,2018,Q4,General and Accute - Occupied,77
REP,2018,Q4,General and Accute - Available,24
REP,2018,Q4,General and Accute - Occupied,17
RET,2018,Q4,General and Accute - Available,170
RET,2018,Q4,General and Accute - Occupied,151
RFF,2018,Q4,General and Accute - Available,382
RFF,2018,Q4,General and Accute - Occupied,378
RFR,2018,Q4,General and Accute - Available,434
RFR,2018,Q4,General and Accute - Occupied,399
RGD,2018,Q4,General and Accute - Available,
RGD,2018,Q4,General and Accute - Occupied,
RHQ,2018,Q4,General and Accute - Available,1476
RHQ,2018,Q4,General and Accute - Occupied,1436
RJL,2018,Q4,General and Accute - Available,763
RJL,2018,Q4,General and Accute - Occupied,654
RJN,2018,Q4,General and Accute - Available,316
RJN,2018,Q4,General and Accute - Occupied,304
RJR,2018,Q4,General and Accute - Available,525
RJR,2018,Q4,General and Accute - Occupied,524
RLN,2018,Q4,General and Accute - Available,738
RLN,2018,Q4,General and Accute - Occupied,639
RM3,2018,Q4,General and Accute - Available,812
RM3,2018,Q4,General and Accute - Occupied,742
RMC,2018,Q4,General and Accute - Available,604
RMC,2018,Q4,General and Accute - Occupied,532
RMP,2018,Q4,General and Accute - Available,434
RMP,2018,Q4,General and Accute - Occupied,410
RNL,2018,Q4,General and Accute - Available,554
RNL,2018,Q4,General and Accute - Occupied,504
RNN,2018,Q4,General and Accute - Available,
RNN,2018,Q4,General and Accute - Occupied,
RP5,2018,Q4,General and Accute - Available,789
RP5,2018,Q4,General and Accute - Occupied,693
RQ6,2018,Q4,General and Accute - Available,789
RQ6,2018,Q4,General and Accute - Occupied,713
RR7,2018,Q4,General and Accute - Available,491
RR7,2018,Q4,General and Accute - Occupied,472
RR8,2018,Q4,General and Accute - Available,1799
RR8,2018,Q4,General and Accute - Occupied,1712
RRF,2018,Q4,General and Accute - Available,459
RRF,2018,Q4,General and Accute - Occupied,412
RT2,2018,Q4,General and Accute - Available,
RT2,2018,Q4,General and Accute - Occupied,
RTD,2018,Q4,General and Accute - Available,1503
RTD,2018,Q4,General and Accute - Occupied,1242
RTF,2018,Q4,General and Accute - Available,887
RTF,2018,Q4,General and Accute - Occupied,763
RTR,2018,Q4,General and Accute - Available,900
RTR,2018,Q4,General and Accute - Occupied,840
RTV,2018,Q4,General and Accute - Available,
RTV,2018,Q4,General and Accute - Occupied,
RTX,2018,Q4,General and Accute - Available,663
RTX,2018,Q4,General and Accute - Occupied,578
RV9,2018,Q4,General and Accute - Available,
RV9,2018,Q4,General and Accute - Occupied,
RVW,2018,Q4,General and Accute - Available,613
RVW,2018,Q4,General and Accute - Occupied,558
RVY,2018,Q4,General and Accute - Available,373
RVY,2018,Q4,General and Accute - Occupied,370
RW4,2018,Q4,General and Accute - Available,
RW4,2018,Q4,General and Accute - Occupied,
RW5,2018,Q4,General and Accute - Available,
RW5,2018,Q4,General and Accute - Occupied,
RW6,2018,Q4,General and Accute - Available,1096
RW6,2018,Q4,General and Accute - Occupied,994
RWA,2018,Q4,General and Accute - Available,989
RWA,2018,Q4,General and Accute - Occupied,930
RWJ,2018,Q4,General and Accute - Available,670
RWJ,2018,Q4,General and Accute - Occupied,615
RWW,2018,Q4,General and Accute - Available,590
RWW,2018,Q4,General and Accute - Occupied,532
RWY,2018,Q4,General and Accute - Available,707
RWY,2018,Q4,General and Accute - Occupied,675
RX3,2018,Q4,General and Accute - Available,
RX3,2018,Q4,General and Accute - Occupied,
RX4,2018,Q4,General and Accute - Available,49
RX4,2018,Q4,General and Accute - Occupied,43
RXA,2018,Q4,General and Accute - Available,
RXA,2018,Q4,General and Accute - Occupied,
RXE,2018,Q4,General and Accute - Available,62
RXE,2018,Q4,General and Accute - Occupied,56
RXF,2018,Q4,General and Accute - Available,1013
RXF,2018,Q4,General and Accute - Occupied,944
RXG,2018,Q4,General and Accute - Available,28
RXG,2018,Q4,General and Accute - Occupied,23
RXL,2018,Q4,General and Accute - Available,636
RXL,2018,Q4,General and Accute - Occupied,627
RXN,2018,Q4,General and Accute - Available,828
RXN,2018,Q4,General and Accute - Occupied,785
RXP,2018,Q4,General and Accute - Available,937
RXP,2018,Q4,General and Accute - Occupied,806
RXR,2018,Q4,General and Accute - Available,890
RXR,2018,Q4,General and Accute - Occupied,837
RY6,2018,Q4,General and Accute - Available,4
RY6,2018,Q4,General and Accute - Occupied,3
TAD,2018,Q4,General and Accute - Available,
TAD,2018,Q4,General and Accute - Occupied,
TAH,2018,Q4,General and Accute - Available,
TAH,2018,Q4,General and Accute - Occupied,
R1A,2018,Q4,General and Accute - Available,37
R1A,2018,Q4,General and Accute - Occupied,34
R1E,2018,Q4,General and Accute - Available,157
R1E,2018,Q4,General and Accute - Occupied,155
R1L,2018,Q4,General and Accute - Available,85
R1L,2018,Q4,General and Accute - Occupied,82
RAJ,2018,Q4,General and Accute - Available,556
RAJ,2018,Q4,General and Accute - Occupied,509
RBK,2018,Q4,General and Accute - Available,496
RBK,2018,Q4,General and Accute - Occupied,457
RC1,2018,Q4,General and Accute - Available,405
RC1,2018,Q4,General and Accute - Occupied,403
RC9,2018,Q4,General and Accute - Available,653
RC9,2018,Q4,General and Accute - Occupied,612
RCX,2018,Q4,General and Accute - Available,472
RCX,2018,Q4,General and Accute - Occupied,431
RD8,2018,Q4,General and Accute - Available,432
RD8,2018,Q4,General and Accute - Occupied,429
RDD,2018,Q4,General and Accute - Available,664
RDD,2018,Q4,General and Accute - Occupied,663
RDE,2018,Q4,General and Accute - Available,576
RDE,2018,Q4,General and Accute - Occupied,535
RFS,2018,Q4,General and Accute - Available,505
RFS,2018,Q4,General and Accute - Occupied,467
RGM,2018,Q4,General and Accute - Available,228
RGM,2018,Q4,General and Accute - Occupied,167
RGN,2018,Q4,General and Accute - Available,806
RGN,2018,Q4,General and Accute - Occupied,711
RGP,2018,Q4,General and Accute - Available,439
RGP,2018,Q4,General and Accute - Occupied,375
RGQ,2018,Q4,General and Accute - Available,661
RGQ,2018,Q4,General and Accute - Occupied,632
RGR,2018,Q4,General and Accute - Available,482
RGR,2018,Q4,General and Accute - Occupied,406
RGT,2018,Q4,General and Accute - Available,943
RGT,2018,Q4,General and Accute - Occupied,920
RHA,2018,Q4,General and Accute - Available,93
RHA,2018,Q4,General and Accute - Occupied,86
RJC,2018,Q4,General and Accute - Available,445
RJC,2018,Q4,General and Accute - Occupied,423
RJE,2018,Q4,General and Accute - Available,1385
RJE,2018,Q4,General and Accute - Occupied,1317
RJF,2018,Q4,General and Accute - Available,353
RJF,2018,Q4,General and Accute - Occupied,318
RK5,2018,Q4,General and Accute - Available,619
RK5,2018,Q4,General and Accute - Occupied,558
RKB,2018,Q4,General and Accute - Available,1069
RKB,2018,Q4,General and Accute - Occupied,1061
RL1,2018,Q4,General and Accute - Available,166
RL1,2018,Q4,General and Accute - Occupied,137
RL4,2018,Q4,General and Accute - Available,802
RL4,2018,Q4,General and Accute - Occupied,777
RLQ,2018,Q4,General and Accute - Available,270
RLQ,2018,Q4,General and Accute - Occupied,248
RLT,2018,Q4,General and Accute - Available,307
RLT,2018,Q4,General and Accute - Occupied,290
RLY,2018,Q4,General and Accute - Available,
RLY,2018,Q4,General and Accute - Occupied,
RM1,2018,Q4,General and Accute - Available,913
RM1,2018,Q4,General and Accute - Occupied,868
RMY,2018,Q4,General and Accute - Available,
RMY,2018,Q4,General and Accute - Occupied,
RNA,2018,Q4,General and Accute - Available,673
RNA,2018,Q4,General and Accute - Occupied,641
RNQ,2018,Q4,General and Accute - Available,623
RNQ,2018,Q4,General and Accute - Occupied,618
RNS,2018,Q4,General and Accute - Available,739
RNS,2018,Q4,General and Accute - Occupied,688
RP1,2018,Q4,General and Accute - Available,122
RP1,2018,Q4,General and Accute - Occupied,122
RP7,2018,Q4,General and Accute - Available,
RP7,2018,Q4,General and Accute - Occupied,
RQ3,2018,Q4,General and Accute - Available,263
RQ3,2018,Q4,General and Accute - Occupied,234
RQ8,2018,Q4,General and Accute - Available,533
RQ8,2018,Q4,General and Accute - Occupied,533
RQW,2018,Q4,General and Accute - Available,497
RQW,2018,Q4,General and Accute - Occupied,470
RR1,2018,Q4,General and Accute - Available,1463
RR1,2018,Q4,General and Accute - Occupied,1438
RRE,2018,Q4,General and Accute - Available,
RRE,2018,Q4,General and Accute - Occupied,
RRJ,2018,Q4,General and Accute - Available,114
RRJ,2018,Q4,General and Accute - Occupied,71
RRK,2018,Q4,General and Accute - Available,1085
RRK,2018,Q4,General and Accute - Occupied,1065
RT1,2018,Q4,General and Accute - Available,68
RT1,2018,Q4,General and Accute - Occupied,64
RTG,2018,Q4,General and Accute - Available,1024
RTG,2018,Q4,General and Accute - Occupied,913
RWD,2018,Q4,General and Accute - Available,1065
RWD,2018,Q4,General and Accute - Occupied,891
RWE,2018,Q4,General and Accute - Available,1557
RWE,2018,Q4,General and Accute - Occupied,1398
RWG,2018,Q4,General and Accute - Available,678
RWG,2018,Q4,General and Accute - Occupied,613
RWH,2018,Q4,General and Accute - Available,612
RWH,2018,Q4,General and Accute - Occupied,600
RWP,2018,Q4,General and Accute - Available,757
RWP,2018,Q4,General and Accute - Occupied,716
RX1,2018,Q4,General and Accute - Available,1537
RX1,2018,Q4,General and Accute - Occupied,1404
RXK,2018,Q4,General and Accute - Available,653
RXK,2018,Q4,General and Accute - Occupied,606
RXM,2018,Q4,General and Accute - Available,
RXM,2018,Q4,General and Accute - Occupied,
RXT,2018,Q4,General and Accute - Available,
RXT,2018,Q4,General and Accute - Occupied,
RXW,2018,Q4,General and Accute - Available,723
RXW,2018,Q4,General and Accute - Occupied,687
RY3,2018,Q4,General and Accute - Available,74
RY3,2018,Q4,General and Accute - Occupied,67
RY5,2018,Q4,General and Accute - Available,16
RY5,2018,Q4,General and Accute - Occupied,15
RY8,2018,Q4,General and Accute - Available,
RY8,2018,Q4,General and Accute - Occupied,
RYG,2018,Q4,General and Accute - Available,
RYG,2018,Q4,General and Accute - Occupied,
RYK,2018,Q4,General and Accute - Available,
RYK,2018,Q4,General and Accute - Occupied,
RYV,2018,Q4,General and Accute - Available,35
RYV,2018,Q4,General and Accute - Occupied,12
RYW,2018,Q4,General and Accute - Available,219
RYW,2018,Q4,General and Accute - Occupied,194
TAJ,2018,Q4,General and Accute - Available,
TAJ,2018,Q4,General and Accute - Occupied,
R1H,2018,Q4,General and Accute - Available,1574
R1H,2018,Q4,General and Accute - Occupied,1484
R1K,2018,Q4,General and Accute - Available,1225
R1K,2018,Q4,General and Accute - Occupied,1176
RAL,2018,Q4,General and Accute - Available,907
RAL,2018,Q4,General and Accute - Occupied,843
RAN,2018,Q4,General and Accute - Available,151
RAN,2018,Q4,General and Accute - Occupied,105
RAP,2018,Q4,General and Accute - Available,475
RAP,2018,Q4,General and Accute - Occupied,446
RAS,2018,Q4,General and Accute - Available,433
RAS,2018,Q4,General and Accute - Occupied,419
RAT,2018,Q4,General and Accute - Available,159
RAT,2018,Q4,General and Accute - Occupied,145
RAX,2018,Q4,General and Accute - Available,401
RAX,2018,Q4,General and Accute - Occupied,389
RF4,2018,Q4,General and Accute - Available,911
RF4,2018,Q4,General and Accute - Occupied,822
RJ1,2018,Q4,General and Accute - Available,1006
RJ1,2018,Q4,General and Accute - Occupied,907
RJ2,2018,Q4,General and Accute - Available,840
RJ2,2018,Q4,General and Accute - Occupied,822
RJ6,2018,Q4,General and Accute - Available,498
RJ6,2018,Q4,General and Accute - Occupied,467
RJ7,2018,Q4,General and Accute - Available,861
RJ7,2018,Q4,General and Accute - Occupied,855
RJZ,2018,Q4,General and Accute - Available,1269
RJZ,2018,Q4,General and Accute - Occupied,1250
RKE,2018,Q4,General and Accute - Available,297
RKE,2018,Q4,General and Accute - Occupied,265
RKL,2018,Q4,General and Accute - Available,20
RKL,2018,Q4,General and Accute - Occupied,14
RP4,2018,Q4,General and Accute - Available,286
RP4,2018,Q4,General and Accute - Occupied,226
RP6,2018,Q4,General and Accute - Available,5
RP6,2018,Q4,General and Accute - Occupied,4
RPG,2018,Q4,General and Accute - Available,
RPG,2018,Q4,General and Accute - Occupied,
RPY,2018,Q4,General and Accute - Available,189
RPY,2018,Q4,General and Accute - Occupied,160
RQM,2018,Q4,General and Accute - Available,737
RQM,2018,Q4,General and Accute - Occupied,695
RQX,2018,Q4,General and Accute - Available,320
RQX,2018,Q4,General and Accute - Occupied,284
RQY,2018,Q4,General and Accute - Available,
RQY,2018,Q4,General and Accute - Occupied,
RRP,2018,Q4,General and Accute - Available,
RRP,2018,Q4,General and Accute - Occupied,
RRV,2018,Q4,General and Accute - Available,844
RRV,2018,Q4,General and Accute - Occupied,644
RT3,2018,Q4,General and Accute - Available,406
RT3,2018,Q4,General and Accute - Occupied,327
RV3,2018,Q4,General and Accute - Available,73
RV3,2018,Q4,General and Accute - Occupied,71
RVR,2018,Q4,General and Accute - Available,803
RVR,2018,Q4,General and Accute - Occupied,729
RWK,2018,Q4,General and Accute - Available,32
RWK,2018,Q4,General and Accute - Occupied,23
RYJ,2018,Q4,General and Accute - Available,1048
RYJ,2018,Q4,General and Accute - Occupied,901
RYX,2018,Q4,General and Accute - Available,13
RYX,2018,Q4,General and Accute - Occupied,9
TAF,2018,Q4,General and Accute - Available,
TAF,2018,Q4,General and Accute - Occupied,
R1C,2018,Q4,General and Accute - Available,73
R1C,2018,Q4,General and Accute - Occupied,70
R1F,2018,Q4,General and Accute - Available,249
R1F,2018,Q4,General and Accute - Occupied,242
R1J,2018,Q4,General and Accute - Available,
R1J,2018,Q4,General and Accute - Occupied,
RA2,2018,Q4,General and Accute - Available,441
RA2,2018,Q4,General and Accute - Occupied,381
RA3,2018,Q4,General and Accute - Available,267
RA3,2018,Q4,General and Accute - Occupied,262
RA4,2018,Q4,General and Accute - Available,343
RA4,2018,Q4,General and Accute - Occupied,320
RA7,2018,Q4,General and Accute - Available,741
RA7,2018,Q4,General and Accute - Occupied,703
RA9,2018,Q4,General and Accute - Available,377
RA9,2018,Q4,General and Accute - Occupied,331
RBA,2018,Q4,General and Accute - Available,459
RBA,2018,Q4,General and Accute - Occupied,420
RBD,2018,Q4,General and Accute - Available,297
RBD,2018,Q4,General and Accute - Occupied,280
RBZ,2018,Q4,General and Accute - Available,273
RBZ,2018,Q4,General and Accute - Occupied,235
RD1,2018,Q4,General and Accute - Available,634
RD1,2018,Q4,General and Accute - Occupied,631
RD3,2018,Q4,General and Accute - Available,533
RD3,2018,Q4,General and Accute - Occupied,475
RDR,2018,Q4,General and Accute - Available,
RDR,2018,Q4,General and Accute - Occupied,
RDU,2018,Q4,General and Accute - Available,1324
RDU,2018,Q4,General and Accute - Occupied,1270
RDY,2018,Q4,General and Accute - Available,
RDY,2018,Q4,General and Accute - Occupied,
RDZ,2018,Q4,General and Accute - Available,583
RDZ,2018,Q4,General and Accute - Occupied,555
REF,2018,Q4,General and Accute - Available,717
REF,2018,Q4,General and Accute - Occupied,619
RH5,2018,Q4,General and Accute - Available,246
RH5,2018,Q4,General and Accute - Occupied,208
RH8,2018,Q4,General and Accute - Available,795
RH8,2018,Q4,General and Accute - Occupied,705
RHM,2018,Q4,General and Accute - Available,1103
RHM,2018,Q4,General and Accute - Occupied,1038
RHU,2018,Q4,General and Accute - Available,980
RHU,2018,Q4,General and Accute - Occupied,966
RHW,2018,Q4,General and Accute - Available,639
RHW,2018,Q4,General and Accute - Occupied,557
RJ8,2018,Q4,General and Accute - Available,112
RJ8,2018,Q4,General and Accute - Occupied,108
RK9,2018,Q4,General and Accute - Available,880
RK9,2018,Q4,General and Accute - Occupied,834
RN3,2018,Q4,General and Accute - Available,573
RN3,2018,Q4,General and Accute - Occupied,543
RN5,2018,Q4,General and Accute - Available,744
RN5,2018,Q4,General and Accute - Occupied,715
RN7,2018,Q4,General and Accute - Available,533
RN7,2018,Q4,General and Accute - Occupied,510
RNU,2018,Q4,General and Accute - Available,151
RNU,2018,Q4,General and Accute - Occupied,144
RNZ,2018,Q4,General and Accute - Available,486
RNZ,2018,Q4,General and Accute - Occupied,424
RPA,2018,Q4,General and Accute - Available,467
RPA,2018,Q4,General and Accute - Occupied,438
RPC,2018,Q4,General and Accute - Available,66
RPC,2018,Q4,General and Accute - Occupied,40
RTE,2018,Q4,General and Accute - Available,961
RTE,2018,Q4,General and Accute - Occupied,890
RTH,2018,Q4,General and Accute - Available,1012
RTH,2018,Q4,General and Accute - Occupied,959
RTK,2018,Q4,General and Accute - Available,468
RTK,2018,Q4,General and Accute - Occupied,442
RTP,2018,Q4,General and Accute - Available,641
RTP,2018,Q4,General and Accute - Occupied,596
RTQ,2018,Q4,General and Accute - Available,
RTQ,2018,Q4,General and Accute - Occupied,
RVJ,2018,Q4,General and Accute - Available,893
RVJ,2018,Q4,General and Accute - Occupied,869
RVN,2018,Q4,General and Accute - Available,
RVN,2018,Q4,General and Accute - Occupied,
RVV,2018,Q4,General and Accute - Available,974
RVV,2018,Q4,General and Accute - Occupied,945
RW1,2018,Q4,General and Accute - Available,98
RW1,2018,Q4,General and Accute - Occupied,88
RWF,2018,Q4,General and Accute - Available,803
RWF,2018,Q4,General and Accute - Occupied,769
RWV,2018,Q4,General and Accute - Available,
RWV,2018,Q4,General and Accute - Occupied,
RWX,2018,Q4,General and Accute - Available,46
RWX,2018,Q4,General and Accute - Occupied,41
RX2,2018,Q4,General and Accute - Available,
RX2,2018,Q4,General and Accute - Occupied,
RXC,2018,Q4,General and Accute - Available,747
RXC,2018,Q4,General and Accute - Occupied,707
RXH,2018,Q4,General and Accute - Available,834
RXH,2018,Q4,General and Accute - Occupied,770
RXQ,2018,Q4,General and Accute - Available,687
RXQ,2018,Q4,General and Accute - Occupied,637
RXX,2018,Q4,General and Accute - Available,
RXX,2018,Q4,General and Accute - Occupied,
RXY,2018,Q4,General and Accute - Available,
RXY,2018,Q4,General and Accute - Occupied,
RYR,2018,Q4,General and Accute - Available,961
RYR,2018,Q4,General and Accute - Occupied,936